mutations in itemset,number of CIMP-High samples with these mutations
AIM2_GRCh37_1:159032487-159032496_Frame-Shift-Del-DEL-TTTTTTTTTT---- and TCF7L2_GRCh37_10:114925317-114925325_In-Frame-Del-DEL-AAAAAAAAA---- and BRAF_GRCh37_7:140453136-140453136_Missense-Mutation-SNP-A-A-T_Missense-Mutation-SNP-A-T-T,4
AIM2_GRCh37_1:159032487-159032496_Frame-Shift-Del-DEL-TTTTTTTTTT---- and BRAF_GRCh37_7:140453136-140453136_Missense-Mutation-SNP-A-A-T_Missense-Mutation-SNP-A-T-T and MSH3_GRCh37_5:79970915-79970922_Frame-Shift-Del-DEL-AAAAAAAA----,4
ACVR2A_GRCh37_2:148683686-148683693_Frame-Shift-Del-DEL-AAAAAAAA---- and TGFBR2_GRCh37_3:30691872-30691881_Frame-Shift-Del-DEL-AAAAAAAAAA---- and SEC63_GRCh37_6:108214755-108214764_Frame-Shift-Del-DEL-TTTTTTTTTT----,5
AIM2_GRCh37_1:159032487-159032496_Frame-Shift-Del-DEL-TTTTTTTTTT---- and BRAF_GRCh37_7:140453136-140453136_Missense-Mutation-SNP-A-A-T_Missense-Mutation-SNP-A-T-T and ACVR2A_GRCh37_2:148683686-148683693_Frame-Shift-Del-DEL-AAAAAAAA----,5
ACVR2A_GRCh37_2:148683686-148683693_Frame-Shift-Del-DEL-AAAAAAAA---- and TCF7L2_GRCh37_10:114925317-114925325_In-Frame-Del-DEL-AAAAAAAAA---- and BRAF_GRCh37_7:140453136-140453136_Missense-Mutation-SNP-A-A-T_Missense-Mutation-SNP-A-T-T,4
AIM2_GRCh37_1:159032487-159032496_Frame-Shift-Del-DEL-TTTTTTTTTT---- and TCF7L2_GRCh37_10:114925317-114925325_In-Frame-Del-DEL-AAAAAAAAA---- and TGFBR2_GRCh37_3:30691872-30691881_Frame-Shift-Del-DEL-AAAAAAAAAA----,4
ACVR2A_GRCh37_2:148683686-148683693_Frame-Shift-Del-DEL-AAAAAAAA---- and BRAF_GRCh37_7:140453136-140453136_Missense-Mutation-SNP-A-A-T_Missense-Mutation-SNP-A-T-T and MSH3_GRCh37_5:79970915-79970922_Frame-Shift-Del-DEL-AAAAAAAA----,4
ACVR2A_GRCh37_2:148683686-148683693_Frame-Shift-Del-DEL-AAAAAAAA---- and BRAF_GRCh37_7:140453136-140453136_Missense-Mutation-SNP-A-A-T_Missense-Mutation-SNP-A-T-T and SEC63_GRCh37_6:108214755-108214764_Frame-Shift-Del-DEL-TTTTTTTTTT----,4
AIM2_GRCh37_1:159032487-159032496_Frame-Shift-Del-DEL-TTTTTTTTTT---- and ACVR2A_GRCh37_2:148683686-148683693_Frame-Shift-Del-DEL-AAAAAAAA---- and TGFBR2_GRCh37_3:30691872-30691881_Frame-Shift-Del-DEL-AAAAAAAAAA----,4
ACVR2A_GRCh37_2:148683686-148683693_Frame-Shift-Del-DEL-AAAAAAAA---- and TCF7L2_GRCh37_10:114925317-114925325_In-Frame-Del-DEL-AAAAAAAAA---- and TGFBR2_GRCh37_3:30691872-30691881_Frame-Shift-Del-DEL-AAAAAAAAAA----,4
ACVR2A_GRCh37_2:148683686-148683693_Frame-Shift-Del-DEL-AAAAAAAA---- and TGFBR2_GRCh37_3:30691872-30691881_Frame-Shift-Del-DEL-AAAAAAAAAA---- and GRB14_GRCh37_2:165365288-165365296_In-Frame-Del-DEL-TTTTTTTTT----,5
ACVR2A_GRCh37_2:148683686-148683693_Frame-Shift-Del-DEL-AAAAAAAA---- and MBD4_GRCh37_3:129155548-129155557_Frame-Shift-Del-DEL-TTTTTTTTTT---- and TGFBR2_GRCh37_3:30691872-30691881_Frame-Shift-Del-DEL-AAAAAAAAAA----,4
AIM2_GRCh37_1:159032487-159032496_Frame-Shift-Del-DEL-TTTTTTTTTT---- and BRAF_GRCh37_7:140453136-140453136_Missense-Mutation-SNP-A-A-T_Missense-Mutation-SNP-A-T-T and TGFBR2_GRCh37_3:30691872-30691881_Frame-Shift-Del-DEL-AAAAAAAAAA----,4
TGFBR2_GRCh37_3:30691872-30691881_Frame-Shift-Del-DEL-AAAAAAAAAA---- and BRAF_GRCh37_7:140453136-140453136_Missense-Mutation-SNP-A-A-T_Missense-Mutation-SNP-A-T-T and SEC63_GRCh37_6:108214755-108214764_Frame-Shift-Del-DEL-TTTTTTTTTT----,4
TGFBR2_GRCh37_3:30691872-30691881_Frame-Shift-Del-DEL-AAAAAAAAAA---- and TCF7L2_GRCh37_10:114925317-114925325_In-Frame-Del-DEL-AAAAAAAAA---- and BRAF_GRCh37_7:140453136-140453136_Missense-Mutation-SNP-A-A-T_Missense-Mutation-SNP-A-T-T,4
ACVR2A_GRCh37_2:148683686-148683693_Frame-Shift-Del-DEL-AAAAAAAA---- and AIM2_GRCh37_1:159032487-159032496_Frame-Shift-Del-DEL-TTTTTTTTTT---- and TCF7L2_GRCh37_10:114925317-114925325_In-Frame-Del-DEL-AAAAAAAAA----,4
TGFBR2_GRCh37_3:30691872-30691881_Frame-Shift-Del-DEL-AAAAAAAAAA---- and BRAF_GRCh37_7:140453136-140453136_Missense-Mutation-SNP-A-A-T_Missense-Mutation-SNP-A-T-T and MSH3_GRCh37_5:79970915-79970922_Frame-Shift-Del-DEL-AAAAAAAA----,4
ACVR2A_GRCh37_2:148683686-148683693_Frame-Shift-Del-DEL-AAAAAAAA---- and MSH3_GRCh37_5:79970915-79970922_Frame-Shift-Del-DEL-AAAAAAAA---- and TGFBR2_GRCh37_3:30691872-30691881_Frame-Shift-Del-DEL-AAAAAAAAAA----,5
TGFBR2_GRCh37_3:30691872-30691881_Frame-Shift-Del-DEL-AAAAAAAAAA---- and BRAF_GRCh37_7:140453136-140453136_Missense-Mutation-SNP-A-A-T_Missense-Mutation-SNP-A-T-T and ACVR2A_GRCh37_2:148683686-148683693_Frame-Shift-Del-DEL-AAAAAAAA----,7
