feature 1,feature 2,correlation
BRAF_GRCh37_7:140453136-140453136_Missense-Mutation-SNP-A-A-T_Missense-Mutation-SNP-A-T-T,KRAS_GRCh37_12:25398284-25398284_Missense-Mutation-SNP-C-T-T_Missense-Mutation-SNP-C-A-A,-0.433012701892
KRAS_GRCh37_12:25398284-25398284_Missense-Mutation-SNP-C-T-T_Missense-Mutation-SNP-C-A-A,MSH3_GRCh37_5:79970915-79970922_Frame-Shift-Del-DEL-AAAAAAAA----,-0.333333333333
KRAS_GRCh37_12:25398284-25398284_Missense-Mutation-SNP-C-T-T_Missense-Mutation-SNP-C-A-A,ACVR2A_GRCh37_2:148683686-148683693_Frame-Shift-Del-DEL-AAAAAAAA----,-0.298142397
MBD4_GRCh37_3:129155548-129155557_Frame-Shift-Del-DEL-TTTTTTTTTT----,KRAS_GRCh37_12:25398284-25398284_Missense-Mutation-SNP-C-T-T_Missense-Mutation-SNP-C-A-A,-0.277350098113
KRAS_GRCh37_12:25398284-25398284_Missense-Mutation-SNP-C-T-T_Missense-Mutation-SNP-C-A-A,TGFBR2_GRCh37_3:30691872-30691881_Frame-Shift-Del-DEL-AAAAAAAAAA----,-0.265908011739
BRAF_GRCh37_7:140453136-140453136_Missense-Mutation-SNP-A-A-T_Missense-Mutation-SNP-A-T-T,APC_GRCh37_5:112173704-112173704_Nonsense-Mutation-SNP-C-T-T,-0.258198889747
BRAF_GRCh37_7:140453136-140453136_Missense-Mutation-SNP-A-A-T_Missense-Mutation-SNP-A-T-T,BTNL8_GRCh37_5:180335598-180335598_Missense-Mutation-SNP-T-G-G,-0.258198889747
BRAF_GRCh37_7:140453136-140453136_Missense-Mutation-SNP-A-A-T_Missense-Mutation-SNP-A-T-T,ITIH5_GRCh37_10:7605141-7605141_Missense-Mutation-SNP-C-T-T,-0.258198889747
BRAF_GRCh37_7:140453136-140453136_Missense-Mutation-SNP-A-A-T_Missense-Mutation-SNP-A-T-T,CCDC15_GRCh37_11:124845049-124845049_Frame-Shift-Del-DEL-A----,-0.258198889747
BRAF_GRCh37_7:140453136-140453136_Missense-Mutation-SNP-A-A-T_Missense-Mutation-SNP-A-T-T,KRAS_GRCh37_12:25380277-25380278_Missense-Mutation-DNP-GA-TT-TT,-0.258198889747
BRAF_GRCh37_7:140453136-140453136_Missense-Mutation-SNP-A-A-T_Missense-Mutation-SNP-A-T-T,FAM135B_GRCh37_8:139164067-139164067_Missense-Mutation-SNP-C-T-T,-0.258198889747
BRAF_GRCh37_7:140453136-140453136_Missense-Mutation-SNP-A-A-T_Missense-Mutation-SNP-A-T-T,PPP6C_GRCh37_9:127911967-127911967_Silent-SNP-C-T-T,-0.258198889747
BRAF_GRCh37_7:140453136-140453136_Missense-Mutation-SNP-A-A-T_Missense-Mutation-SNP-A-T-T,PIK3CA_GRCh37_3:178936091-178936091_Missense-Mutation-SNP-G-A-A,-0.258198889747
BRAF_GRCh37_7:140453136-140453136_Missense-Mutation-SNP-A-A-T_Missense-Mutation-SNP-A-T-T,DYNC2H1_GRCh37_11:103041639-103041639_Nonsense-Mutation-SNP-C-T-T,-0.258198889747
BRAF_GRCh37_7:140453136-140453136_Missense-Mutation-SNP-A-A-T_Missense-Mutation-SNP-A-T-T,CADPS_GRCh37_3:62464048-62464048_Missense-Mutation-SNP-C-T-T,-0.258198889747
PRDM2_GRCh37_1:14108749-14108757_In-Frame-Del-DEL-AAAAAAAAA----,KRAS_GRCh37_12:25398284-25398284_Missense-Mutation-SNP-C-T-T_Missense-Mutation-SNP-C-A-A,-0.2484519975
HMMR_GRCh37_5:162917426-162917434_In-Frame-Del-DEL-AAAAAAAAA----,KRAS_GRCh37_12:25398284-25398284_Missense-Mutation-SNP-C-T-T_Missense-Mutation-SNP-C-A-A,-0.2484519975
MSH6_GRCh37_2:48030640-48030647_Frame-Shift-Del-DEL-CCCCCCCC----,TGFBR2_GRCh37_3:30691872-30691881_Frame-Shift-Del-DEL-AAAAAAAAAA----,-0.23278142563
MBD4_GRCh37_3:129155548-129155557_Frame-Shift-Del-DEL-TTTTTTTTTT----,RAD50_GRCh37_5:131931452-131931460_In-Frame-Del-DEL-AAAAAAAAA----,-0.230769230769
MBD4_GRCh37_3:129155548-129155557_Frame-Shift-Del-DEL-TTTTTTTTTT----,AIM2_GRCh37_1:159032487-159032496_Frame-Shift-Del-DEL-TTTTTTTTTT----,-0.230769230769
