f,e,a,t,u,r,e
T,P
F,P
T,N
F,N
BRAF_GRCh37_7:140453136-140453136_Missense-Mutation-SNP-A-A-T_Missense-Mutation-SNP-A-T-T,16,4,16,188
GRB14_GRCh37_2:165365288-165365296_In-Frame-Del-DEL-TTTTTTTTT----,7,1,25,191
MBD4_GRCh37_3:129155548-129155557_Frame-Shift-Del-DEL-TTTTTTTTTT----,6,2,26,190
MSH6_GRCh37_2:48030640-48030647_Frame-Shift-Del-DEL-CCCCCCCC----,3,0,29,192
PRDM2_GRCh37_1:14108749-14108757_In-Frame-Del-DEL-AAAAAAAAA----,5,1,27,191
HMMR_GRCh37_5:162917426-162917434_In-Frame-Del-DEL-AAAAAAAAA----,5,1,27,191
SEC63_GRCh37_6:108214755-108214764_Frame-Shift-Del-DEL-TTTTTTTTTT----,8,3,24,189
KRAS_GRCh37_12:25398284-25398284_Missense-Mutation-SNP-C-T-T,6,12,26,180
PIK3CA_GRCh37_3:178952085-178952085_Missense-Mutation-SNP-A-G-G,3,2,29,190
RAD50_GRCh37_5:131931452-131931460_In-Frame-Del-DEL-AAAAAAAAA----,6,1,26,191
ACVR2A_GRCh37_2:148683686-148683693_Frame-Shift-Del-DEL-AAAAAAAA----,12,5,20,187
CASP5_GRCh37_11:104878041-104878050_Frame-Shift-Del-DEL-TTTTTTTTTT----,3,4,29,188
MSH3_GRCh37_5:79970915-79970922_Frame-Shift-Del-DEL-AAAAAAAA----,8,3,24,189
ATR_GRCh37_3:142274740-142274749_Frame-Shift-Del-DEL-TTTTTTTTTT----,4,1,28,191
TGFBR2_GRCh37_3:30691872-30691881_Frame-Shift-Del-DEL-AAAAAAAAAA----,11,6,21,186
AIM2_GRCh37_1:159032487-159032496_Frame-Shift-Del-DEL-TTTTTTTTTT----,6,4,26,188
TCF7L2_GRCh37_10:114925317-114925325_In-Frame-Del-DEL-AAAAAAAAA----,4,4,28,188
