KRAS_GRCh37_12:25398284-25398284_Missense-Mutation-SNP-C-T-T,ACVR2A_GRCh37_2:148683686-148683693_Frame-Shift-Del-DEL-AAAAAAAA----,TGFBR2_GRCh37_3:30691872-30691881_Frame-Shift-Del-DEL-AAAAAAAAAA----,MBD4_GRCh37_3:129155548-129155557_Frame-Shift-Del-DEL-TTTTTTTTTT----,GRB14_GRCh37_2:165365288-165365296_In-Frame-Del-DEL-TTTTTTTTT----,MSH3_GRCh37_5:79970915-79970922_Frame-Shift-Del-DEL-AAAAAAAA----,RAD50_GRCh37_5:131931452-131931460_In-Frame-Del-DEL-AAAAAAAAA----,CASP5_GRCh37_11:104878041-104878050_Frame-Shift-Del-DEL-TTTTTTTTTT----,SEC63_GRCh37_6:108214755-108214764_Frame-Shift-Del-DEL-TTTTTTTTTT----,ATR_GRCh37_3:142274740-142274749_Frame-Shift-Del-DEL-TTTTTTTTTT----,HMMR_GRCh37_5:162917426-162917434_In-Frame-Del-DEL-AAAAAAAAA----,PRDM2_GRCh37_1:14108749-14108757_In-Frame-Del-DEL-AAAAAAAAA----
TCGA-AA-3518,,X,,,,,X,X,,,,
TCGA-AA-3672,,X,X,X,X,,,,X,X,,
TCGA-AA-3710,,X,X,X,X,,,,,,,
TCGA-AA-3837,,,,,,,,,,,,
TCGA-AA-3845,,X,X,,,X,,,,,X,
TCGA-AA-3870,X,,,,,,,,,,,
TCGA-AA-3941,X,,,,,,,,,,,
TCGA-AA-3994,X,,,,,,,,,,,
TCGA-AA-A00A,,,,,,X,,,,,,
TCGA-AA-A00E,,,X,,,,,,,,,X
TCGA-AA-A029,,,,,,,,,,,,
TCGA-AA-A02O,X,,,,,,,,,,,
TCGA-AA-A03F,X,,,,,,,,,,,
TCGA-AG-3575,,,,X,,,,,,,,
TCGA-AG-3600,,,,,,,,,,,,
TCGA-AG-A02X,,,,,,,,,,,,
