BRAF_GRCh37_7:140453136-140453136_Missense-Mutation-SNP-A-A-T_Missense-Mutation-SNP-A-T-T,ACVR2A_GRCh37_2:148683686-148683693_Frame-Shift-Del-DEL-AAAAAAAA----,SEC63_GRCh37_6:108214755-108214764_Frame-Shift-Del-DEL-TTTTTTTTTT----,TGFBR2_GRCh37_3:30691872-30691881_Frame-Shift-Del-DEL-AAAAAAAAAA----,MSH3_GRCh37_5:79970915-79970922_Frame-Shift-Del-DEL-AAAAAAAA----,AIM2_GRCh37_1:159032487-159032496_Frame-Shift-Del-DEL-TTTTTTTTTT----,GRB14_GRCh37_2:165365288-165365296_In-Frame-Del-DEL-TTTTTTTTT----,RAD50_GRCh37_5:131931452-131931460_In-Frame-Del-DEL-AAAAAAAAA----,PRDM2_GRCh37_1:14108749-14108757_In-Frame-Del-DEL-AAAAAAAAA----,HMMR_GRCh37_5:162917426-162917434_In-Frame-Del-DEL-AAAAAAAAA----,TCF7L2_GRCh37_10:114925317-114925325_In-Frame-Del-DEL-AAAAAAAAA----,MBD4_GRCh37_3:129155548-129155557_Frame-Shift-Del-DEL-TTTTTTTTTT----,MSH6_GRCh37_2:48030640-48030647_Frame-Shift-Del-DEL-CCCCCCCC----,PIK3CA_GRCh37_3:178952085-178952085_Missense-Mutation-SNP-A-G-G,ATR_GRCh37_3:142274740-142274749_Frame-Shift-Del-DEL-TTTTTTTTTT----,CASP5_GRCh37_11:104878041-104878050_Frame-Shift-Del-DEL-TTTTTTTTTT----,KRAS_GRCh37_12:25398284-25398284_Missense-Mutation-SNP-C-T-T
TCGA-A6-2672,X,,,,,,,,,,,,,,,,
TCGA-A6-2676,X,,X,,,,X,,X,X,,X,X,,,,
TCGA-AA-3516,X,,X,,,,,X,,,,,X,,,,
TCGA-AA-3525,X,,X,,X,,,,X,X,,,,,,,
TCGA-AA-3543,X,,,,,,,X,,,,,,,,,
TCGA-AA-3664,X,,,,,,,,,,,,,,,,
TCGA-AA-3715,X,X,X,X,,X,X,X,,,X,,,X,X,X,X
TCGA-AA-3821,X,X,,,,X,,,,,,,X,,X,,
TCGA-AA-3833,X,X,X,X,,,X,,,,,,,,,,
TCGA-AA-3877,X,X,,X,X,,X,,,,,X,,X,,,
TCGA-AA-3947,X,X,X,X,X,X,,X,X,X,X,,,X,,X,
TCGA-AA-3949,X,X,,X,X,X,,,,,X,,,,X,,
TCGA-AA-A00D,X,,,,,,,,,,,,,,,,
TCGA-AA-A00J,X,,,,X,X,X,,X,,,,,,,,
TCGA-AA-A01P,X,X,X,X,,,,,,,,X,,,,,
TCGA-AA-A022,X,X,,X,X,X,,X,,X,X,,,,,,
